_prn,.png
cabal,.jpg
cabaret,.jpg
cabbie,.gif
cabell,.jpg
cabin,.jpg
cabot,.gif
cabral,.gif
cabriolet,.png
cachet,.jpg
cacique,.jpg
cackle,.png
cacophony,.jpg
cad,.png
cadaver,.png
caddy,.jpg
cade,.jpg
cadiz,.jpg
cadmium,.jpg
cadmus,.jpg
cadw,.png
cady,.gif
cae,.gif
caen,.jpg
caer,.jpg
caesar,.gif
caesarean,.jpg
caesium,.jpg
caetano,.jpg
caff,.jpeg
cag,.jpg
cagayan,.png
cagney,.jpg
cah,.jpg
cahn,.jpg
cai,.gif
caicos,.jpg
cairo,.jpg
caister,.jpg
caj,.jpg
cajun,.jpg
calabrese,.jpg
calais,.jpg
calcification,.jpg
calcite,.gif
caldas,.png
caldecott,.gif
calder,.jpg
caldera,.gif
caldicott,.GIF
caldon,.jpg
caldwell,.jpg
cale,.jpg
caleb,.jpg
caledon,.jpg
caledonia,.png
calendula,.jpg
caliber,.jpg
calico,.jpg
calicut,.jpg
calida,.png
calif,.jpg
caligula,.gif
caliphate,.jpg
call,.gif
callan,.png
callaway,.jpg
callback,.png
calle,.jpg
callie,.jpg
calligrapher,.jpeg
calliper,.jpg
calloway,.jpg
callsign,.jpg
callum,.jpg
callus,.png
calman,.jpg
calming,.jpg
calmness,.png
calne,.jpg
caloric,.jpg
calorimeter,.jpg
cals,.png
calshot,.jpg
calton,.jpg
calum,.png
calumet,.gif
calvary,.jpg
calver,.gif
calvert,.JPG
calvinism,.jpg
calvinist,.jpg
calvino,.png
calyx,.gif
camacho,.jpg
camara,.jpg
camaraderie,.png
camaro,.jpg
camber,.gif
camberley,.png
camberwell,.jpg
cambodia,.gif
camborne,.jpg
cambrai,.jpg
cambria,.gif
cambrian,.jpg
cambridgeshire,.png
camden,.PNG
camelford,.jpg
camellia,.jpg
camelot,.jpg
camerata,.jpg
camino,.jpg
camm,.jpg
cammell,.png
camorra,.png
camouflage,.jpg
campaign,.jpg
campania,.gif
campanile,.jpg
campbelltown,.jpg
campbeltown,.png
campfire,.jpg
camping,.gif
campion,.jpg
campo,.png
camra,.jpg
camry,.png
camshaft,.gif
camus,.jpg
camv,.jpg
canadensis,.png
canaletto,.jpg
canalside,.jpeg
canaria,.png
canarian,.gif
canary,.gif
canavan,.jpeg
canaveral,.jpg
canberra,.gif
cancellation,.jpg
cand,.png
candela,.png
candice,.jpg
candidature,.jpg
candle,.jpg
candlelight,.gif
candlelit,.jpg
candlemas,.jpg
candlestick,.jpg
cane,.png
canfield,.png
canine,.png
canis,.jpg
canister,.gif
canker,.gif
canmore,.gif
cann,.jpg
cannabinoids,.png
cannabis,.jpg
cannae,.jpg
cannery,.jpe
cannes,.jpeg
cannibal,.jpg
cannibalism,.gif
cannonball,.jpg
canoeing,.GIF
canoeist,.jpg
canonization,.jpg
canopus,.jpg
cantabria,.jpg
cantata,.jpg
canterbury,.jpg
canticle,.png
cantilever,.JPG
cantina,.jpg
canto,.jpg
cantonese,.gif
cantonment,.jpg
cantor,.jpg
cantrell,.jpg
cantus,.jpg
cantwell,.png
cao,.jpg
capablanca,.jpe
capacitance,.jpg
capcom,.JPG
capercaillie,.png
capirossi,.jpeg
capitalisation,.jpg
capitalism,.jpg
capitalization,.gif
capitan,.jpg
capitulation,.jpg
capoeira,.jpg
capone,.gif
capp,.jpeg
cappella,.jpg
capper,.jpg
cappuccino,.jpg
capra,.png
caprice,.jpg
capricorn,.jpg
capstan,.gif
captaincy,.jpg
capture,.jpg
caput,.jpg
car,.jpg
cara,.jpg
caracalla,.gif
caracara,.jpg
caradoc,.jpg
caragiale,.jpg
caramel,.png
carapace,.jpg
caravan,.jpg
carbamazepine,.png
carberry,.jpg
carbide,.gif
carbine,.png
carbohydrate,.jpg
carbon,.png
carbonate,.png
carboniferous,.jpg
carboxy,.jpg
carburetor,.jpg
carcanet,.jpg
carcase,.gif
carcinogen,.jpg
carcinogenicity,.jpg
carcinoid,.jpg
carcinoma,.jpeg
card,.gif
cardamom,.jpg
carden,.jpg
cardholder,.jpg
cardinality,.jpg
cardiologist,.jpg
cardona,.jpg
cardozo,.png
care,.jpg
career,.jpg
carelessness,.gif
carer,.JPG
caret,.jpg
carex,.png
carfax,.png
cargill,.jpg
cargo,.gif
caribbean,.gif
caribbeans,.jpg
cariboo,.jpg
caribou,.png
carillon,.jpg
carinthia,.png
caritas,.png
carle,.jpg
carley,.jpg
carlin,.jpg
carling,.jpg
carlingford,.gif
carlow,.jpg
carlsbad,.jpg
carlson,.jpg
carlsson,.jpg
carlyon,.jpg
carmela,.jpg
carmine,.jpg
carmona,.png
carnage,.jpg
carnarvon,.gif
carnatic,.jpg
carne,.jpg
carnforth,.gif
carnitine,.gif
carnival,.jpg
carnivore,.jpg
carnoustie,.jpeg
caroline,.gif
carolingian,.gif
carolyn,.jpg
carotenoid,.png
carp,.jpg
carpark,.gif
carpathians,.jpg
carpenter,.gif
carpentry,.gif
carphone,.jpg
carragher,.jpg
carre,.jpg
carreg,.png
carreras,.gif
carriageway,.jpg
carribean,.gif
carrickfergus,.png
carrie,.gif
carrington,.jpg
carrollton,.png
carruthers,.jpeg
carry,.png
carrying,.jpg
carswell,.jpg
carta,.jpg
carterton,.jpg
carthusian,.png
cartilage,.gif
cartman,.gif
cartography,.jpg
carton,.jpg
cartoon,.jpg
cartooning,.jpg
cartridge,.png
cartwheel,.png
cartwright,.jpg
carus,.jpg
carvalho,.tif
carvery,.jpg
carwyn,.jpeg
casale,.jpg
casco,.png
case,.jpg
casebook,.jpg
caseload,.gif
casement,.jpg
caseworker,.gif
cashel,.gif
cashew,.jpg
cashflow,.jpg
cashman,.jpg
casing,.gif
casino,.jpg
casket,.jpg
caspase,.jpg
casper,.jpg
cassandra,.jpg
cassation,.png
cassegrain,.jpg
cassel,.jpeg
cassell,.gif
casserole,.jpg
cassie,.jpg
cassino,.jpg
cassis,.gif
cassius,.jpg
cast,.jpg
castell,.gif
castellan,.jpg
castello,.jpg
castiglione,.jpg
castile,.jpg
castilian,.jpg
castilla,.png
castillo,.jpg
casting,.gif
castle,.jpg
castlederg,.gif
castlereagh,.png
castleton,.jpg
castletown,.gif
castration,.jpg
castrato,.png
castro,.gif
castrol,.jpg
casual,.jpg
caswell,.jpg
catalan,.gif
catalina,.gif
catalog,.jpg
catalyst,.jpg
catalytic,.gif
cataract,.jpg
catarina,.jpg
catatonia,.jpg
catatonic,.jpg
catawba,.jpg
cate,.jpg
catechism,.gif
catecholamine,.png
categorisation,.png
categorization,.jpg
category,.jpg
catenary,.gif
catering,.jpg
catford,.jpg
cath,.jpeg
catharina,.jpg
catharines,.png
cathars,.jpg
catharsis,.jpg
cathay,.jpg
cathedra,.jpg
catheter,.jpg
cation,.gif
cato,.jpg
catriona,.jpg
catskill,.jpg
catt,.jpg
catterick,.gif
cattery,.jpg
catton,.gif
catwalk,.jpg
caucasians,.jpg
cauchy,.jpg
cauldron,.jpg
caulfield,.jpg
cauliflower,.png
causality,.png
cause,.jpg
causey,.gif
caustic,.png
cavalry,.gif
cavan,.gif
cave,.png
caveman,.jpg
caviar,.png
cavitation,.png
cavite,.jpg
cavy,.jpg
cay,.png
caye,.png
cayley,.gif
cayuga,.png
cbc,.jpg
cbf,.gif
cbm,.gif
cbp,.jpg
cbr,.jpg
cbrn,.jpg
cbso,.jpg
cca,.jpg
cccs,.jpg
ccd,.jpg
ccdpack,.gif
cce,.jpg
ccg,.jpg
cch,.png
cchr,.jpg
ccj,.jpg
ccl,.jpg
ccn,.jpg
ccp,.jpg
ccpr,.jpg
ccr,.jpeg
ccrc,.jpg
ccst,.jpg
cct,.png
cdata,.gif
cdc,.jpg
cdd,.jpg
cde,.jpg
cdg,.jpg
cdl,.jpg
cdna,.jpg
cdp,.jpg
cdt,.jpg
cdts,.jpg
ce,.jpg
cea,.gif
cease,.jpeg
cebe,.jpg
cec,.jpg
cecile,.jpg
cecily,.png
ceefax,.jpg
cef,.jpg
cefn,.jpeg
celebrant,.jpg
celeste,.png
celestial,.jpg
cellar,.jpg
cellist,.jpg
cello,.gif
cellophane,.jpg
cellphone,.jpg
celluloid,.jpg
celt,.jpg
cement,.gif
cemetery,.gif
cems,.jpg
cen,.jpeg
cena,.jpg
ceng,.jpg
cenotaph,.jpg
cenozoic,.jpeg
census,.png
centaur,.jpg
centaurus,.jpg
centavo,.jpg
centenary,.jpg
centennial,.png
centerfold,.jpg
centerline,.jpg
centerpiece,.jpg
central,.jpg
centralia,.png
centralisation,.png
centre,.jpg
centreline,.jpg
centrepiece,.jpg
centrica,.png
centrifuge,.jpg
centrino,.jpg
centrist,.jpg
centro,.png
century,.jpg
cep,.jpg
cer,.png
ceram,.gif
cerberus,.jpg
ceremony,.gif
cerf,.jpg
ceridian,.gif
cerrado,.png
cervantes,.gif
cervix,.jpg
cetacea,.jpg
cetacean,.jpg
cetera,.jpg
cetis,.gif
cetti,.jpg
cfa,.jpg
cfb,.png
cfc,.png
cfe,.jpg
cfit,.jpe
cfl,.jpg
cfm,.jpg
cfo,.jpg
cg,.jpg
cga,.jpg
cgm,.jpg
cgt,.jpeg
ch,.gif
chablis,.jpg
chaco,.jpg
chadwick,.png
chadwyck,.jpg
chaff,.jpg
chaffee,.jpg
chaffinch,.jpg
chagall,.jpg
chaim,.jpg
chairwoman,.jpg
chaise,.jpg
chak,.jpg
chaka,.png
chakrabarti,.jpg
chalabi,.jpg
chalcedon,.jpg
chalfont,.jpg
chalice,.gif
chalukyas,.jpg
cham,.gif
chamber,.png
chamfer,.gif
chamonix,.gif
champion,.jpg
champlain,.gif
champneys,.jpg
chan,.png
chancellor,.png
chand,.gif
chandan,.jpg
chandelier,.jpg
chandigarh,.jpg
change,.jpg
changeling,.jpg
channel,.png
channing,.gif
chanson,.jpg
chantal,.jpg
chantilly,.gif
chaos,.jpg
chap,.png
chapbook,.jpg
chapelle,.png
chaperone,.jpg
chapin,.PNG
chaplain,.jpg
chaplaincy,.jpg
chapman,.gif
chappel,.jpg
chappell,.jpg
char,.jpg
character,.jpg
characteristic,.png
charade,.jpe
charan,.jpg
charcol,.jpg
charentes,.jpg
charge,.gif
charger,.png
charity,.jpeg
charlene,.jpg
charlestown,.GIF
charlesworth,.jpeg
charlottesville,.jpg
charlottetown,.png
charly,.jpg
charm,.jpg
charman,.jpg
charney,.jpg
charon,.jpg
chartership,.png
chartres,.png
chartreuse,.jpg
chase,.jpg
chasing,.gif
chastity,.jpg
chatham,.jpg
chatroom,.png
chatsworth,.jpg
chattanooga,.png
chatter,.gif
chatterbox,.jpg
chatteris,.jpg
chatterjee,.jpg
chatterley,.jpg
chaudhry,.jpg
chauncey,.JPG
chauvinism,.jpg
chaves,.bmp
chavez,.jpg
chb,.png
chc,.png
chd,.png
cheadle,.jpg
cheap,.png
cheapness,.jpg
cheapside,.jpg
chebyshev,.jpg
check,.jpg
checkbox,.jpg
checklist,.jpg
checkmate,.png
checksum,.jpg
chee,.jpg
cheekbone,.jpg
cheerleader,.png
cheese,.jpg
cheesecake,.jpg
cheeseman,.jpg
cheetham,.jpg
chekhov,.png
chemical,.gif
chemie,.jpg
chemin,.jpg
chemokine,.png
cheney,.jpg
cheng,.png
chengdu,.jpg
chequebook,.jpg
chequer,.jpg
cher,.jpg
cherbourg,.png
cherie,.png
chernobyl,.jpg
cherokee,.jpg
chert,.jpg
cherub,.jpg
cherwell,.jpg
chesapeake,.gif
chesham,.jpg
cheshire,.jpg
cheshunt,.jpeg
chesney,.gif
chessington,.jpg
chester,.gif
chet,.jpg
chetham,.png
chetwynd,.PNG
cheval,.gif
chevalier,.gif
chevening,.jpg
chevron,.jpg
chevy,.jpg
cheyenne,.png
chf,.jpg
chhattisgarh,.jpg
chia,.jpg
chiapas,.gif
chiba,.jpg
chica,.png
chicagoland,.JPG
chicane,.jpg
chicano,.jpg
chickasaw,.jpg
chickenpox,.jpg
chico,.gif
chicory,.jpg
chiddingly,.jpg
chief,.jpg
chieftain,.jpg
chien,.gif
chiesa,.jpg
chiffon,.jpg
chigwell,.png
child,.jpg
childe,.png
childers,.jpg
childminder,.jpg
childress,.jpg
chilean,.gif
chiller,.jpg
chillout,.gif
chilterns,.png
chimaera,.jpg
chimaira,.jpg
chimp,.jpg
chin,.gif
chine,.jpg
chinensis,.jpg
chingford,.gif
chinn,.jpeg
chino,.gif
chinook,.png
chipboard,.jpg
chipper,.png
chippewa,.gif
chipping,.jpg
chippy,.jpg
chipset,.jpg
chiron,.JPG
chiropodist,.jpg
chirp,.gif
chisel,.gif
chissano,.png
chiu,.jpg
chivalry,.jpg
chivas,.jpg
chivers,.jpeg
chlamydia,.JPG
chlorination,.jpg
chlorine,.jpg
chloroform,.jpg
chloroplast,.jpg
chock,.jpg
choctaw,.jpg
choir,.jpg
choirmaster,.jpg
choker,.jpg
chola,.jpg
cholas,.jpg
cholesterol,.png
choline,.png
chondroitin,.png
chong,.gif
chooser,.jpg
chopper,.png
chopra,.jpg
chopstick,.gif
chorale,.jpg
chord,.jpg
chore,.gif
choreography,.jpg
chorister,.jpg
chorizo,.jpg
chorley,.gif
chorleywood,.jpg
chorlton,.jpg
chose,.jpg
chosen,.png
chou,.png
chowk,.jpg
chr,.jpg
chrissie,.jpg
christa,.jpg
christchurch,.jpg
christening,.gif
christi,.gif
christiane,.jpg
christianization,.png
christie,.jpg
christine,.jpg
christoph,.jpg
christophe,.png
christos,.jpg
christy,.jpg
chroma,.jpg
chromatography,.jpg
chronicler,.jpg
chronicon,.jpg
chrono,.jpg
chronograph,.jpg
chrysalis,.gif
chrysanthemum,.jpg
chrysotile,.jpe
chs,.jpg
chua,.jpg
chuan,.gif
chub,.jpg
chubb,.png
chulalongkorn,.png
chum,.png
chung,.jpg
church,.jpg
churchill,.jpg
churchwarden,.jpg
chute,.png
cialis,.jpg
ciaran,.jpg
cic,.gif
cica,.jpg
cichlid,.gif
cie,.jpg
cif,.jpg
cifas,.jpg
cigarette,.jpg
cigna,.jpg
cii,.png
cill,.jpg
cilt,.jpg
cim,.jpg
cimarron,.jpg
cin,.jpg
cinder,.jpg
cindy,.gif
cinerea,.jpg
cingular,.jpg
cinnabar,.gif
cinque,.jpg
cio,.jpg
cipa,.png
cipd,.JPG
cipfa,.jpg
cips,.png
cir,.jpg
circe,.jpg
circulation,.jpg
circumference,.jpg
circus,.gif
cirencester,.jpg
ciro,.jpg
cirque,.jpg
cirrhosis,.jpg
cirrus,.gif
cis,.jpe
cisco,.jpg
cissp,.png
cistern,.gif
citation,.jpg
citb,.jpg
citi,.jpeg
citizenry,.jpg
citrate,.png
citta,.jpg
citv,.png
citylink,.jpg
cityscape,.jpg
ciudad,.jpg
civet,.jpg
civics,.png
civilian,.jpg
civility,.jpg
ckd,.jpg
cla,.jpg
clack,.jpg
clackmannanshire,.png
clacton,.jpeg
clade,.png
claes,.JPG
claiborne,.jpg
claim,.jpg
claimant,.png
claiming,.png
clait,.jpg
clam,.gif
clamber,.gif
clamor,.jpg
clamour,.jpg
clamp,.jpg
clampdown,.gif
clancy,.jpg
clann,.png
clapboard,.jpg
clapp,.jpg
clapper,.jpg
clara,.jpg
claremont,.jpg
clarendon,.jpg
clares,.jpg
claridge,.jpg
clarification,.gif
clarion,.jpg
clarissa,.jpg
clark,.gif
clarkson,.gif
clarrie,.jpg
clary,.png
clash,.png
class,.jpg
classic,.jpg
classicism,.jpg
classpath,.png
clatter,.jpg
claudication,.jpg
claudio,.jpg
claudius,.jpg
clause,.gif
clausen,.png
claustrophobia,.jpg
clavichord,.gif
clavicle,.jpg
clawback,.jpg
claydon,.jpeg
claymore,.jpg
clc,.jpg
cld,.png
clean,.jpg
cleaner,.png
cleanser,.jpg
cleanup,.gif
clear,.jpg
clearinghouse,.jpg
cleaver,.jpg
clee,.png
cleeve,.gif
clef,.png
clematis,.jpg
clementine,.png
clements,.jpg
clench,.jpg
cleo,.png
cleopatra,.gif
clerestory,.gif
clergy,.jpg
clerical,.jpg
cley,.jpg
cli,.gif
clic,.jpg
clich,.jpg
click,.jpg
clickable,.png
clicker,.jpg
clie,.png
cliffe,.jpg
clifford,.gif
clift,.jpg
climate,.gif
climatology,.GIF
climber,.jpg
clime,.jpg
clin,.jpg
clink,.png
clinker,.png
clio,.jpg
clipart,.jpg
clipboard,.jpg
clique,.png
clitic,.png
clitoris,.jpg
cllrs,.png
clobber,.jpg
clock,.jpg
clockmaker,.jpg
clockwork,.png
clore,.jpg
close,.jpg
closer,.jpg
clostridium,.jpeg
closure,.jpg
clot,.png
cloth,.jpg
clothier,.gif
clothing,.jpg
clout,.jpg
cloutier,.jpg
clove,.gif
clovelly,.GIF
cloverleaf,.jpg
clp,.jpg
clrc,.jpg
cls,.png
clt,.jpg
clubber,.jpg
clubbing,.jpg
clubman,.jpg
cluj,.gif
clumsiness,.jpg
clun,.jpg
cluster,.jpg
clustering,.png
clutter,.jpg
clydebank,.jpg
clydeside,.jpe
clyne,.jpg
clyro,.jpg
cm,.jpg
cma,.jpg
cmf,.jpg
cmh,.JPG
cmj,.jpg
cml,.jpg
cmo,.gif
cmos,.png
cmr,.png
cmt,.jpg
cmu,.gif
cmv,.jpeg
cn,.jpg
cnd,.gif
cne,.jpg
cnr,.jpg
cnt,.jpg
coa,.gif
coachella,.jpg
coadjutor,.gif
coagulation,.jpg
coal,.jpg
coalfield,.gif
coalville,.gif
coast,.jpg
coaster,.jpg
coatbridge,.jpeg
coating,.jpg
coauthor,.png
coax,.jpg
coaxial,.jpg
cob,.jpg
cobbler,.gif
cobol,.png
coburn,.jpg
coca,.jpg
cocaine,.jpg
cochlea,.png
cochran,.jpg
cockatoo,.jpg
cockburn,.jpg
cocker,.jpg
cockerill,.jpg
cockermouth,.png
cockroach,.gif
cocoon,.gif
cocteau,.jpg
coda,.jpg
codd,.png
coddan,.png
code,.gif
codebase,.jpg
codec,.jpg
codemasters,.png
codicil,.jpg
coding,.jpg
codon,.jpg
coe,.png
coed,.gif
coen,.png
coenzyme,.png
coetzee,.jpeg
coffer,.jpg
coffey,.jpg
coffin,.jpg
cofounder,.png
cog,.jpg
cogan,.png
coghill,.jpg
coghlan,.jpg
cognac,.jpg
cognate,.png
cognition,.gif
cognizant,.jpg
cohabitation,.png
cohn,.jpg
cohomology,.png
coimbatore,.jpg
coire,.jpg
coke,.jpg
coker,.JPG
col,.jpg
cola,.jpg
colby,.png
cold,.gif
coldfield,.png
coldfusion,.png
colditz,.jpg
coldwell,.jpg
coleen,.png
coleg,.jpg
colegio,.jpg
coleman,.gif
coleshill,.jpg
colette,.png
colic,.gif
coliseum,.png
colitis,.jpg
coll,.jpg
collapse,.jpg
collation,.jpg
colleague,.jpg
collectable,.jpg
collectible,.jpg
collecting,.gif
collection,.jpg
collectivist,.jpg
collectivity,.jpg
collegiate,.gif
collen,.jpg
collet,.jpg
colley,.jpg
collier,.jpg
collings,.gif
collingwood,.jpg
collinson,.jpeg
collis,.jpg
collision,.jpg
collocation,.gif
collodion,.gif
colloquialism,.jpg
collusion,.jpg
collyer,.jpg
colm,.jpeg
colmar,.jpg
colney,.gif
colombo,.jpg
colonialist,.jpg
colonic,.gif
colonisation,.gif
colonizer,.gif
colonna,.jpg
colony,.jpg
coloration,.jpg
colossus,.jpg
colostomy,.jpg
colostrum,.jpg
colouration,.png
colourist,.jpg
colposcopy,.jpe
colton,.jpg
columbine,.gif
columbo,.jpg
column,.jpg
colville,.jpg
colwell,.jpg
com,.jpg
coma,.png
comarca,.png
comber,.jpg
combinatorics,.gif
combo,.jpg
combustible,.gif
comcast,.jpg
comeap,.jpg
comecon,.gif
comedienne,.jpg
comer,.gif
cometh,.jpg
comhairle,.jpg
comic,.jpg
comiskey,.jpg
comitatus,.jpg
commandery,.gif
commando,.png
comment,.png
commenter,.png
commercialisation,.GIF
commercialism,.jpg
commercialization,.png
commie,.jpg
commissariat,.jpg
commissary,.jpg
commission,.jpg
commissioner,.jpg
commitee,.jpg
committal,.jpg
committee,.gif
commode,.jpg
commodification,.jpg
commodity,.jpg
commodus,.jpg
common,.jpg
commonality,.jpg
commoner,.jpg
commonsense,.jpg
commotion,.png
comms,.png
commune,.jpg
communis,.png
communist,.jpg
community,.jpg
commutator,.png
comoros,.png
compact,.jpg
compactness,.png
compagnie,.jpg
companionship,.jpg
company,.jpg
compaq,.png
comparability,.png
comparator,.png
compare,.png
compartment,.GIF
compatibility,.jpg
compensator,.jpg
competence,.jpg
competition,.gif
compilation,.jpg
compiler,.gif
compiling,.png
complementarity,.gif
complementary,.png
completeness,.png
complexion,.jpg
compliance,.jpg
complication,.jpg
composition,.jpg
compositor,.jpg
compost,.gif
composure,.jpg
compound,.png
compounding,.gif
comprehensiveness,.gif
compsoc,.png
compton,.png
compulsory,.jpg
computability,.jpg
compuware,.png
comrade,.jpg
comradeship,.gif
coms,.jpg
comstock,.png
comte,.jpg
comunista,.JPG
concacaf,.jpg
concatenation,.png
conceit,.jpg
concepcion,.jpg
conceptualisation,.jpg
conceptualization,.gif
concern,.jpg
concertina,.jpe
concertmaster,.jpg
concerto,.png
conch,.png
concierge,.jpg
conciliator,.jpg
conclave,.jpg
concord,.jpg
concordance,.png
concordia,.gif
concours,.jpg
concubine,.jpg
concurrence,.jpg
cond,.gif
conde,.jpg
condensation,.jpg
condi,.jpg
condiment,.jpg
condition,.jpg
conditionality,.jpg
conditioning,.gif
condo,.jpg
condoleezza,.jpg
condolence,.jpg
condom,.jpg
condominium,.jpg
condon,.jpg
condorcet,.png
conductance,.png
conduction,.jpg
coney,.jpg
conf,.png
confectionary,.gif
confectionery,.jpg
conference,.jpg
conferencing,.gif
conferment,.jpg
confessor,.png
confidant,.jpg
confidentiality,.jpg
confine,.jpg
conflagration,.png
conflation,.jpg
conflict,.jpg
conformation,.jpg
conformity,.png
confraternity,.jpg
confucian,.gif
confucianism,.gif
confucius,.gif
conga,.jpg
congleton,.jpg
congolese,.gif
congregationalist,.gif
congresswoman,.jpg
congreve,.jpg
conic,.jpg
conjugate,.png
conjugation,.gif
conjunctivitis,.jpg
conjurer,.jpg
conjuring,.png
conker,.jpg
conlon,.jpg
conn,.jpg
connally,.jpg
connaught,.jpeg
connectedness,.png
connectionist,.jpg
connective,.GIF
connectivity,.jpg
connex,.jpg
connexion,.jpg
connolly,.jpg
connor,.jpg
connors,.jpg
connotation,.jpg
conor,.jpg
conqueror,.jpg
conquistador,.jpg
conran,.jpg
conroe,.png
conroy,.png
conscience,.jpg
conscription,.jpg
conseil,.jpeg
consejo,.jpg
conservationist,.jpg
conservatism,.jpeg
conservative,.gif
conservatorium,.jpg
conserve,.gif
consignia,.png
consistory,.GIF
consolidation,.jpg
consonance,.jpg
consonant,.gif
consort,.jpg
consortium,.jpg
conspiracy,.png
constanca,.png
constancy,.gif
constantin,.jpg
constantius,.jpg
consternation,.jpg
constituency,.png
constituent,.jpg
constitutionality,.jpg
construction,.jpg
constructionist,.jpg
constructivism,.jpg
constructivist,.jpg
constructor,.gif
consuelo,.gif
consulate,.gif
consultancy,.jpg
consumable,.png
consumerism,.png
consumerist,.jpg
contact,.gif
contagion,.jpg
container,.png
containment,.jpg
contaminant,.gif
contamination,.jpg
content,.jpg
contention,.gif
contentment,.jpg
contessa,.jpg
contest,.gif
continence,.jpg
continental,.jpg
contingent,.jpg
continuo,.GIF
continyou,.jpg
contour,.jpg
contra,.jpg
contraband,.jpg
contraception,.jpg
contraction,.jpg
contractor,.jpg
contraindication,.png
contraption,.jpg
contributory,.jpg
control,.jpg
controversy,.jpg
conurbation,.jpg
convair,.jpg
conventional,.jpg
conversant,.jpg
conversion,.gif
converter,.jpg
convertor,.gif
conveyor,.jpg
conviction,.jpg
convocation,.jpg
convolution,.jpg
convulsion,.gif
conyngham,.png
coogan,.jpeg
cooke,.png
cookery,.jpg
cookham,.gif
cookie,.jpg
cookson,.jpg
coolidge,.gif
coolie,.jpg
cooling,.jpg
coombe,.gif
coon,.jpg
cooperative,.gif
cooperstown,.gif
coordinate,.png
coot,.gif
coote,.gif
copac,.jpg
copepod,.jpg
copernican,.jpg
copernicus,.gif
copilot,.jpg
coping,.jpg
copland,.jpg
copley,.jpg
copolymer,.gif
copperhead,.jpg
coppice,.jpg
coppicing,.jpg
coppola,.jpg
copra,.gif
copulation,.jpg
copy,.jpg
copyleft,.jpg
copywriter,.jpe
coq,.jpg
coquitlam,.gif
corazon,.png
corbetts,.jpg
corbin,.gif
corbridge,.jpg
corbusier,.jpg
corby,.jpg
corbyn,.jpg
corcoran,.jpeg
cordelia,.jpe
cordell,.jpeg
cordillera,.gif
cordis,.png
cordoba,.jpg
cordon,.jpg
corel,.jpg
coreldraw,.jpg
coren,.jpg
corfu,.png
corgan,.jpg
coriander,.gif
corinna,.jpg
corinne,.jpg
corker,.jpg
corkscrew,.jpg
corm,.jpg
cormac,.jpg
cormack,.jpg
corn,.gif
cornea,.gif
cornelia,.jpg
cornelis,.jpg
cornerback,.jpg
cornerhouse,.GIF
cornflower,.jpg
cornish,.png
cornwell,.jpg
coromandel,.jpg
coronado,.gif
coronavirus,.jpg
coronel,.gif
corporal,.png
corpse,.jpg
corpuscle,.jpg
corrado,.jpg
corral,.jpg
correa,.jpg
correction,.gif
corregidor,.jpg
correlation,.png
correspondence,.jpg
corrie,.jpg
corroboration,.gif
corrosive,.jpg
corrs,.jpg
corry,.jpeg
corsa,.jpg
corsair,.gif
corse,.jpg
corset,.gif
corsican,.jpg
corso,.jpg
corstorphine,.gif
cort,.jpg
corte,.gif
cortes,.gif
cortex,.png
cortez,.jpg
corticosteroid,.png
cortina,.gif
cortland,.png
cortona,.png
corvallis,.jpg
corvette,.gif
corvinus,.jpg
cory,.png
cosa,.png
cosford,.jpg
cosgrove,.gif
cosh,.png
coshh,.jpg
cosimo,.jpg
cosine,.png
cosla,.gif
cosmo,.jpg
cosmologist,.jpg
cosmology,.gif
cosmopolitan,.png
cossacks,.jpg
cost,.gif
costas,.jpeg
costco,.jpg
coster,.jpg
costner,.gif
cosworth,.gif
cote,.jpg
coterie,.jpg
cotinga,.png
cotman,.jpg
coton,.jpg
cotonou,.jpg
cotta,.jpg
cotter,.gif
cotterill,.jpeg
cottle,.jpg
cottonwood,.jpg
cou,.png
coucal,.jpg
couch,.png
cougar,.png
coughlan,.jpg
coughlin,.jpg
couldn,.jpg
couldnt,.png
coulee,.jpg
coulsdon,.jpg
coulson,.jpg
coulter,.jpg
coulthard,.jpg
coun,.jpg
council,.png
councilman,.jpg
counsell,.gif
counselling,.jpe
count,.gif
counterattack,.jpg
counterbalance,.png
counterclaim,.png
counterintelligence,.jpg
counterpoint,.jpg
counterweight,.jpg
county,.png
couper,.jpg
coupland,.jpg
cour,.jpg
courage,.gif
courgette,.jpg
courier,.jpg
courland,.gif
cours,.jpg
course,.jpg
coursework,.jpg
coursing,.png
court,.jpg
courtauld,.png
courtesan,.jpg
courtesy,.jpg
courtier,.jpg
courtship,.jpg
couscous,.jpg
cousin,.jpg
cousteau,.jpg
cout,.jpeg
coutts,.jpg
cove,.jpg
coven,.jpg
cover,.jpg
cow,.jpg
cowal,.jpg
coward,.jpeg
cowbridge,.jpeg
cowdenbeath,.png
cowell,.jpg
cowen,.png
cowes,.jpg
cowie,.jpg
cowling,.jpg
coworker,.jpg
cowper,.png
cowslip,.png
coxswain,.jpg
coyle,.jpg
coyne,.jpg
coz,.jpg
cozumel,.jpg
cp,.jpg
cpan,.jpg
cpas,.jpg
cpc,.png
cpe,.jpg
cpf,.png
cpm,.jpg
cpo,.jpg
cpre,.jpg
cpsu,.jpg
cpus,.png
crac,.png
cracker,.jpg
crackling,.JPG
cracknell,.gif
crackpot,.jpg
cracow,.png
cradley,.jpg
cradock,.gif
craftspeople,.jpg
craigmillar,.jpg
craik,.jpg
crain,.jpg
craiova,.jpeg
cramer,.jpg
cramlington,.gif
cramond,.jpg
cramp,.gif
cranberry,.gif
cranbrook,.png
cranium,.png
crankcase,.png
crankshaft,.png
cranmer,.jpg
cranston,.jpg
crassh,.png
crataegus,.jpg
crate,.jpg
crater,.jpg
cravat,.GIF
crawler,.jpg
crawshaw,.jpg
crayfish,.jpg
crayford,.jpg
crazy,.jpg
crc,.gif
crd,.jpg
creak,.jpg
crealy,.jpg
creamer,.jpg
creamery,.jpeg
crease,.gif
creasey,.jpg
creatine,.jpg
creation,.gif
creationism,.gif
creche,.png
cred,.jpeg
crediton,.png
creech,.jpg
creek,.jpg
creighton,.jpg
creme,.jpeg
cremona,.png
crenshaw,.jpg
creosote,.gif
crepe,.png
crescendo,.png
cress,.gif
cressida,.jpg
cresswell,.png
cresta,.jpg
crestco,.jpg
cretan,.png
creutzfeldt,.gif
crevasse,.png
crevice,.jpg
cri,.png
cribb,.jpeg
cric,.jpg
crichton,.jpg
crick,.jpg
cricketer,.gif
cricklewood,.jpg
crieff,.jpg
crier,.gif
crime,.jpg
crimea,.jpg
criminalisation,.jpg
cringe,.jpg
criollo,.jpg
cripps,.png
crisis,.jpg
crispin,.jpg
cristal,.jpg
cristiano,.png
cristina,.jpg
cristo,.jpg
cristobal,.png
critic,.jpg
critter,.gif
crm,.jpg
crn,.jpeg
cro,.jpg
croatia,.jpg
croc,.jpg
croce,.jpg
crock,.png
crocker,.jpg
crockford,.jpg
crocus,.gif
croft,.jpg
cromer,.gif
crompton,.jpg
cronin,.jpg
cronkite,.gif
cronus,.png
crook,.jpg
crookes,.jpg
cropland,.jpg
cropper,.jpg
cros,.jpg
crosbie,.jpg
crosland,.jpg
cross,.jpg
crossan,.gif
crossbar,.gif
crossbow,.png
crosscut,.png
crossley,.jpg
crossover,.jpg
crossrail,.jpg
crossroads,.gif
crow,.jpg
crowborough,.jpeg
crowd,.jpg
crowley,.png
crowne,.jpg
crt,.png
crts,.gif
cru,.png
crucible,.jpg
crucifixion,.gif
cruciform,.png
crucis,.png
crufts,.jpg
cruickshank,.jpg
cruiserweight,.png
crum,.jpg
crumble,.png
crump,.jpg
crumpet,.jpg
crumple,.jpg
cruse,.jpg
crush,.gif
crusoe,.png
crux,.jpg
cryo,.png
crypt,.png
cryptogram,.jpg
cryptographer,.jpg
cryptologic,.png
cryptosporidium,.jpg
crystal,.gif
crystallisation,.gif
crystallization,.jpg
crystallography,.jpg
csac,.jpg
csb,.png
csc,.png
cscs,.jpg
csd,.jpeg
csf,.jpg
csg,.jpg
csh,.jpg
cshcn,.png
csi,.jpg
csip,.jpg
csiro,.png
csis,.gif
csn,.jpg
cso,.png
cst,.png
cstr,.png
csv,.jpg
csw,.jpg
csx,.jpg
ct,.gif
cta,.jpg
ctb,.png
ctf,.jpg
ctl,.jpg
cto,.jpg
ctp,.jpg
ctr,.jpg
ctx,.jpg
cuatro,.gif
cuba,.gif
cubana,.png
cubase,.jpg
cubist,.jpg
cubitt,.png
cuc,.jpeg
cud,.jpg
cuddle,.jpg
cuevas,.JPG
cuff,.png
cufflink,.png
culham,.png
culkin,.jpg
cull,.jpg
cullum,.JPG
culm,.jpg
culpability,.jpg
culpeper,.gif
culprit,.jpg
cultivar,.jpg
cultura,.png
culturalism,.jpg
culver,.jpg
culvert,.png
cumann,.jpe
cumbernauld,.jpg
cumbia,.jpg
cumbrae,.jpg
cumbrian,.png
cumin,.jpg
cumnock,.png
cumulus,.png
cuneiform,.png
cunt,.jpg
cuny,.jpg
cupertino,.jpg
cupitt,.jpg
cupola,.gif
cur,.jpg
cura,.jpg
curative,.png
curb,.jpg
curbishley,.jpg
curd,.png
curia,.jpg
curio,.gif
curiosity,.jpeg
curl,.jpg
curley,.png
curling,.jpg
curragh,.gif
curran,.gif
current,.jpg
currie,.png
currys,.jpg
cursive,.jpg
cursus,.bmp
curtailment,.jpg
curtain,.gif
curzon,.png
cus,.jpg
cusco,.jpg
cushioning,.jpg
cust,.jpeg
custer,.gif
custodial,.jpg
custodian,.jpg
custody,.jpg
customer,.jpg
customization,.jpg
custos,.jpg
cusu,.jpg
cuthbert,.png
cuthbertson,.png
cutie,.jpg
cutlass,.jpg
cutler,.jpg
cutlery,.jpg
cutoff,.jpg
cutscenes,.jpg
cuttlefish,.gif
cva,.png
cvd,.png
cwc,.jpg
cwm,.GIF
cws,.jpg
cwt,.jpg
cx,.jpg
cy,.jpg
cyan,.jpg
cybercrime,.jpg
cybernetics,.jpg
cycad,.jpg
cyclamen,.jpg
cycleway,.jpg
cyclical,.gif
cyclist,.jpg
cyclophosphamide,.jpg
cyclops,.jpg
cyclotron,.jpg
cygnus,.jpg
cygwin,.png
cylinder,.jpg
cymbeline,.jpg
cymraeg,.png
cynon,.jpg
cyr,.png
cyrano,.jpg
cyrenaica,.png
cyrene,.jpg
cyril,.jpg
cyst,.jpg
cytogenetics,.jpeg
cytology,.png
cytoplasm,.gif
cytosine,.png
czar,.jpg
czechoslovakian,.jpg
ja,.jpg
jaan,.png
jaap,.gif
jab,.jpg
jabal,.jpg
jabalpur,.jpg
jabbar,.jpg
jabez,.jpg
jac,.gif
jacinto,.jpg
jackdaw,.jpeg
jackett,.jpg
jackie,.gif
jackman,.gif
jacksonian,.jpg
jacky,.jpg
jacobean,.jpg
jacobin,.jpg
jacobite,.jpg
jacobs,.jpg
jacobsen,.jpg
jacquie,.jpeg
jae,.jpg
jaeger,.jpg
jaffa,.jpg
jaffna,.jpg
jag,.jpg
jagger,.jpg
jahn,.jpg
jailhouse,.png
jaime,.jpg
jaina,.jpg
jainism,.gif
jains,.gif
jaipur,.jpg
jakub,.jpg
jal,.jpg
jalalabad,.jpg
jalan,.png
jalisco,.png
jalopy,.jpg
jamelia,.jpg
jamieson,.jpg
jammer,.jpg
jamming,.jpg
jammu,.png
jamster,.jpg
jana,.jpg
janakpur,.jpg
janata,.png
janette,.jpg
jangle,.jpg
janice,.jpg
janine,.jpg
janissary,.jpg
janitor,.gif
janne,.png
jansen,.jpg
janson,.jpg
janus,.jpg
japanese,.jpg
jape,.jpg
jaques,.jpg
jara,.png
jardine,.jpeg
jared,.jpg
jarman,.jpg
jarmusch,.png
jaroslav,.png
jarratt,.jpeg
jarring,.jpeg
jarrow,.jpg
jas,.jpg
jasmin,.jpg
jasper,.png
jat,.jpg
jaw,.gif
jaworski,.jpg
jaxx,.jpg
jayawardene,.jpg
jayne,.jpg
jaz,.jpg
jazz,.jpg
jbl,.jpg
jboss,.png
jcdecaux,.jpg
jcm,.jpg
jcs,.png
jd,.gif
jdbc,.gif
jdk,.jpeg
jdom,.jpg
je,.png
jeanette,.gif
jeanie,.jpg
jeannette,.jpg
jeb,.jpg
jedburgh,.gif
jeddah,.jpg
jee,.jpg
jeer,.jpg
jeeves,.png
jef,.jpg
jefferies,.jpg
jeffers,.jpg
jeffreys,.jpg
jehoshaphat,.jpg
jeju,.gif
jekyll,.jpg
jel,.jpg
jellicoe,.jpeg
jello,.jpg
jenin,.jpg
jenkin,.jpg
jenkins,.png
jenks,.jpg
jenner,.gif
jenson,.jpg
jeong,.jpg
jepson,.jpg
jer,.jpg
jericho,.JPG
jerk,.jpg
jeroboam,.jpg
jeroen,.jpg
jervis,.jpg
jes,.jpg
jesmond,.jpg
jesper,.jpg
jessop,.jpeg
jessup,.jpg
jethro,.gif
jetstream,.gif
jettison,.png
jetty,.jpg
jeu,.gif
jeune,.jpg
jeunesse,.jpg
jeweller,.gif
jewelry,.jpg
jewish,.jpg
jewishness,.jpg
jf,.png
jfk,.jpg
jh,.jpg
jharkhand,.gif
jhtml,.jpg
jia,.jpg
jiangsu,.png
jiangxi,.png
jibe,.gif
jic,.png
jig,.gif
jihad,.jpg
jillian,.jpg
jima,.jpg
jimi,.jpeg
jimmie,.gif
jin,.jpg
jing,.gif
jinnah,.gif
jinx,.png
jis,.png
jiscmail,.gif
jitsu,.jpe
jitter,.jpg
jiu,.jpe
jive,.gif
jk,.jpg
jl,.jpg
jla,.jpg
jmc,.jpg
jmp,.jpeg
jmu,.jpg
jmw,.jpg
jncc,.GIF
jnr,.jpg
joab,.jpg
joaquim,.jpg
job,.gif
jobber,.jpg
jobcentre,.jpg
jobcentreplus,.jpg
jobseeker,.jpg
jobseekers,.png
jobshop,.png
jobsite,.jpg
jobson,.jpg
jocelyn,.jpg
jody,.gif
jogger,.gif
johan,.jpg
johanna,.gif
johannes,.jpg
johansen,.jpg
johansson,.jpg
john,.jpg
johnathan,.png
johnnie,.jpg
johnsons,.jpg
johnston,.jpg
johnstown,.jpg
johnw,.gif
johor,.jpg
join,.jpg
jojo,.jpg
joke,.jpg
jol,.jpg
jolene,.jpg
jolie,.jpg
jolla,.png
jolley,.jpeg
jolson,.jpg
joly,.jpg
jon,.png
jonathon,.jpg
jonestown,.png
jonny,.jpg
jonson,.png
jonsson,.jpeg
joo,.jpg
joon,.jpg
joost,.png
jordanstone,.jpg
joris,.png
jos,.jpg
joscelin,.jpg
josefa,.JPG
joseon,.jpg
josep,.jpg
josephine,.jpg
josephus,.gif
josette,.jpg
joule,.jpg
journal,.jpg
journey,.png
joust,.jpg
jovan,.JPG
jowell,.jpg
jowett,.png
joy,.png
joyner,.gif
jpc,.jpeg
jpeg,.jpeg
jpl,.gif
jpn,.png
jpr,.jpg
jrc,.jpg
jsa,.jpg
jsf,.jpg
jsr,.jpg
jstor,.gif
jt,.jpg
juanita,.jpg
juba,.jpg
jubilation,.png
jubilee,.jpg
jud,.jpg
judea,.png
judgement,.jpg
judgeship,.png
judgment,.jpg
judiciary,.jpg
judoka,.jpg
jug,.jpg
juggle,.gif
juggler,.jpg
jugular,.png
juju,.jpg
jujutsu,.jpg
jukebox,.gif
jules,.jpg
juliana,.jpg
julianne,.jpg
julien,.jpg
julio,.gif
jumeirah,.jpg
jumper,.jpg
jumping,.gif
jumpsuit,.jpg
june,.jpg
junge,.gif
juniata,.jpg
juniperus,.png
junk,.png
junkie,.jpg
juno,.jpg
jupp,.jpg
jurchen,.jpg
jure,.gif
jurisdiction,.jpg
jurong,.jpg
jurys,.gif
just,.jpg
justification,.gif
justis,.jpg
justus,.png
jute,.jpg
jv,.jpg
jvc,.png
jvm,.jpg
jw,.jpg
jy,.gif
jyllands,.jpg
paa,.jpg
pab,.png
pac,.gif
pacemaker,.png
pacheco,.jpg
pacifica,.jpg
pacifism,.jpg
package,.jpg
packhorse,.gif
packing,.jpg
paclitaxel,.png
paco,.jpg
pad,.jpg
padang,.jpeg
paddler,.jpg
paddock,.jpg
paderborn,.JPG
padlock,.jpg
padma,.jpg
padraig,.jpeg
padre,.gif
paella,.jpg
paf,.gif
paganini,.png
paganism,.jpg
pagasa,.gif
pager,.jpg
pagerank,.jpg
pagination,.jpg
pagnell,.jpg
pago,.jpg
pagoda,.gif
pai,.jpg
paignton,.jpg
paint,.gif
paintballing,.jpg
paintbrush,.gif
pair,.gif
pairing,.jpg
pairwise,.png
pais,.gif
paisley,.jpg
paix,.jpg
pakenham,.GIF
palace,.jpg
palacio,.gif
paladin,.jpg
palaeography,.jpg
palaeolithic,.jpg
palaeontologist,.jpg
palais,.gif
palatal,.jpg
palden,.gif
palenque,.gif
paleontology,.gif
paleozoic,.jpg
palermo,.jpg
palestrina,.jpg
palette,.JPG
paley,.jpeg
palgrave,.jpg
palimpsest,.jpg
palisade,.gif
pall,.jpg
palladian,.jpg
pallas,.jpg
palliser,.gif
palme,.gif
palmtop,.png
palomar,.gif
palomino,.png
palpatine,.jpg
paltrow,.jpg
palustris,.jpg
pamir,.jpg
pampa,.gif
pampanga,.png
pamphlet,.jpg
panacea,.jpg
panache,.gif
panama,.gif
panamanian,.jpg
panathinaikos,.gif
panchayat,.gif
panchayats,.jpg
pancho,.jpg
pancreas,.jpg
pandavas,.jpg
pandemonium,.jpg
pandit,.jpg
pandora,.jpg
pandya,.jpg
pane,.jpg
paneling,.jpg
panelist,.jpg
panelling,.png
panellist,.jpg
panesar,.jpg
pang,.jpg
panjabi,.png
pankhurst,.jpg
panmure,.png
panna,.png
pannier,.png
pannonia,.jpg
panos,.jpg
pansy,.jpg
pantheism,.gif
panther,.jpeg
panthera,.jpg
pantry,.jpg
pao,.jpg
paok,.png
paola,.jpg
papacy,.png
papadopoulos,.png
papaya,.jpg
pape,.png
paper,.jpg
paperback,.gif
paperclip,.jpg
paperweight,.jpg
paperwork,.jpg
paphos,.jpg
papier,.jpg
papillon,.gif
papineau,.jpg
papp,.jpg
pappas,.png
paprika,.jpg
papua,.jpg
papworth,.jpg
paraclete,.jpg
paradise,.png
paradiso,.jpg
paradox,.jpg
paragon,.jpg
paraguay,.png
parakeet,.jpg
paralegal,.gif
parallel,.jpg
parallelization,.gif
paralytic,.jpg
param,.jpg
paramedic,.jpg
paramount,.png
params,.png
paranoia,.png
parapet,.png
parapsychology,.gif
parasitism,.jpg
parasitology,.jpg
parasol,.jpg
parcelforce,.jpg
parcells,.jpg
pardubice,.png
parekh,.jpg
parent,.gif
parenthesis,.jpg
parenthood,.jpg
parfitt,.jpg
pariah,.png
paribas,.png
parietal,.jpg
parishad,.jpg
parishioner,.jpg
parity,.gif
park,.jpg
parke,.jpg
parkgate,.jpg
parkhurst,.gif
parkin,.jpg
parkinson,.jpg
parkinsons,.jpg
parkstone,.png
parkview,.jpg
parle,.gif
parley,.jpg
parlophone,.jpg
parmesan,.png
parnassus,.jpg
parnell,.jpg
paro,.jpg
paros,.jpg
parotid,.gif
parque,.jpg
parquet,.png
parra,.png
parramatta,.jpg
parrett,.png
parson,.png
parsonage,.jpg
part,.jpg
partaker,.png
parte,.png
partenkirchen,.jpg
partes,.png
parthenon,.jpg
parthia,.jpg
parthian,.jpg
parthians,.jpg
partial,.png
particular,.jpg
particularity,.jpg
particulate,.png
parting,.gif
partizan,.jpg
party,.gif
partygoer,.jpg
parvovirus,.jpg
pasa,.jpg
pasadena,.jpg
pascagoula,.jpg
pascale,.jpg
pasco,.png
paseo,.jpg
pashto,.jpg
pasig,.jpg
paso,.png
pasquale,.jpg
pass,.png
passageway,.jpg
passau,.JPG
passchendaele,.gif
passiflora,.jpg
passivity,.jpeg
passport,.jpg
passwd,.jpg
past,.jpg
pasteur,.gif
pastiche,.jpg
pastoralist,.jpg
pastorate,.png
pastureland,.GIF
pasty,.png
pat,.jpg
pata,.gif
patagonia,.jpg
patchlink,.jpg
patel,.gif
pater,.jpg
paternalism,.gif
paternoster,.png
path,.jpg
pathan,.jpg
pathe,.jpg
pathfinder,.jpg
pathname,.png
pathologist,.jpg
pathos,.jpg
patient,.jpg
patil,.jpg
patina,.jpg
patisserie,.jpg
patna,.jpg
patois,.jpg
patriarch,.jpg
patriarchy,.jpg
patric,.jpg
patrice,.jpeg
patricia,.jpg
patrik,.jpg
pattaya,.png
patten,.jpg
patterning,.jpg
pau,.jpg
paulette,.jpeg
pauli,.jpg
paulie,.png
paulina,.png
paulinus,.gif
paulson,.jpg
paulus,.jpg
pauly,.jpg
pauper,.jpg
pav,.jpg
pavarotti,.JPG
pavel,.gif
pavia,.png
pawn,.png
pawnbroker,.jpg
pawnee,.jpg
pawtucket,.jpg
pax,.png
paxson,.jpg
pay,.jpg
payback,.jpg
payee,.png
paying,.png
payload,.gif
paymaster,.jpg
paynter,.jpg
payoff,.jpg
payroll,.jpg
payton,.jpg
paz,.png
pbk,.jpg
pbr,.jpg
pca,.png
pcd,.jpg
pcf,.jpe
pcg,.jpg
pcha,.png
pcmcia,.gif
pco,.gif
pcos,.jpg
pcp,.jpg
pcr,.jpg
pcsos,.jpg
pcw,.jpg
pdc,.png
pdd,.gif
pdo,.jpg
pdr,.png
pds,.png
pdt,.jpg
peabody,.gif
peacehaven,.jpg
peacemaker,.jpg
peacemaking,.jpg
peacetime,.jpg
peacock,.jpg
peacocke,.jpg
peafowl,.jpg
peake,.jpg
peanut,.jpg
pearce,.png
pearly,.png
peatland,.png
pec,.png
peckham,.png
pecs,.jpg
pectoral,.jpg
peculiarity,.jpg
ped,.jpg
pedagogy,.png
pedal,.jpg
pedant,.jpg
pedersen,.jpg
pediment,.jpg
pedlar,.jpg
pedometer,.jpg
pedro,.jpg
peduncle,.jpg
pee,.jpg
peeler,.jpg
peeling,.jpg
peep,.jpg
peer,.png
peeve,.jpg
pegasus,.jpg
pegg,.jpg
peirce,.jpg
peking,.jpg
pel,.jpg
pele,.gif
peleliu,.jpg
pelican,.jpg
pell,.png
pelletier,.jpg
peloponnese,.png
pelt,.png
pelvic,.gif
pelvis,.jpg
pem,.gif
pemba,.png
pemberton,.jpg
pembrokeshire,.GIF
pena,.jpg
penance,.jpg
penang,.jpg
penchant,.jpg
penda,.png
pendant,.jpg
pendennis,.jpg
pender,.JPG
pendle,.jpg
pendlebury,.gif
pendolino,.png
penetrator,.png
penfold,.png
penfriend,.jpg
penge,.jpg
peninsula,.jpg
penis,.jpg
penistone,.png
penitentiary,.jpg
penney,.jpe
pennington,.jpeg
penningtons,.jpg
penobscot,.png
penrith,.bmp
penrose,.png
pensacola,.png
penshurst,.jpg
penske,.jpg
pentameter,.jpg
pentateuch,.jpg
pentlow,.JPG
pentre,.png
penwith,.jpg
peony,.gif
people,.jpg
peoplesoft,.gif
pep,.jpg
pepa,.jpg
peppercorn,.jpg
pepperdine,.png
pepsico,.jpg
pepys,.jpg
pequot,.gif
perce,.jpg
percentile,.png
perception,.gif
perceval,.jpg
percival,.jpg
percolation,.png
percussion,.gif
perdition,.jpg
pere,.jpg
peregrine,.gif
pereira,.png
perera,.jpg
peres,.gif
perestroika,.jpg
perfection,.jpg
perforation,.bmp
performance,.jpeg
performative,.png
perfumery,.jpg
perfusion,.jpg
pergamon,.gif
peri,.gif
pericles,.jpg
period,.jpg
periodicity,.gif
peripatetic,.gif
periphery,.jpg
periscope,.jpg
perish,.jpg
perishable,.gif
perjury,.jpg
perkin,.png
perl,.png
perle,.jpg
perm,.jpg
perma,.jpg
permaculture,.jpg
permafrost,.jpg
permanence,.jpg
permanente,.png
permittivity,.jpg
pern,.jpg
peronist,.jpg
perrin,.jpg
perrot,.png
pers,.jpg
persephone,.jpg
perseus,.jpg
pershore,.gif
persia,.jpg
persian,.jpg
person,.jpg
persona,.jpg
personal,.jpg
personalisation,.png
personification,.jpg
perspiration,.jpg
persson,.jpg
pertemps,.jpg
perthshire,.png
pertwee,.jpg
perusal,.tif
perversion,.jpg
perversity,.jpg
pervez,.jpg
pes,.gif
pesach,.gif
peseta,.jpg
peshawar,.jpg
peshwa,.gif
pestle,.jpg
peta,.jpg
petar,.jpg
pete,.gif
peterhead,.gif
peterhouse,.jpg
peterlee,.jpeg
petersen,.jpg
petersfield,.jpg
peterthoeny,.jpeg
petiole,.JPG
petipa,.jpg
petit,.jpg
petite,.jpg
petr,.jpg
petra,.jpg
petre,.jpg
petrochemical,.jpg
petrol,.jpg
petros,.jpg
petrus,.jpg
pettit,.jpg
pettitt,.jpg
petts,.png
petunia,.gif
petworth,.jpg
pevsner,.jpg
pew,.jpg
pewsey,.jpg
pewter,.jpg
peyote,.gif
peyton,.jpg
pfa,.jpeg
pfam,.gif
pfc,.jpg
pfd,.png
pfeiffer,.jpg
pfp,.png
pgd,.jpg
pgdip,.png
pgl,.png
pgm,.jpg
pgn,.png
pgp,.jpg
pgs,.jpg
phage,.jpg
phaidon,.jpg
phalarope,.png
pham,.jpg
phantasm,.jpg
pharm,.jpg
pharmaceutical,.jpg
pharmacokinetic,.png
pharmacokinetics,.jpg
pharmacopoeia,.png
pharmacovigilance,.png
pharos,.png
phase,.jpg
phds,.jpg
phe,.png
phelan,.jpg
phenol,.png
philbin,.jpeg
philby,.jpg
philemon,.jpg
philharmonia,.jpg
philippa,.gif
philippe,.jpg
philippians,.jpg
philippine,.jpg
phill,.jpg
phillimore,.png
phillipe,.jpg
philly,.jpg
philo,.jpg
philologist,.jpg
philology,.gif
philosophie,.jpg
philp,.jpg
philpot,.jpeg
phineas,.jpg
phipps,.jpeg
phish,.jpg
phishing,.png
phlegm,.jpg
phlox,.jpg
phls,.jpg
pho,.jpg
phoenix,.jpg
phoneme,.gif
phonograph,.jpg
phosphor,.png
photobox,.jpg
photocall,.jpg
photocard,.jpg
photogrammetry,.png
photoimpact,.jpg
photonics,.jpg
photoreceptor,.jpg
phpbb,.gif
phra,.jpeg
phrase,.jpg
phrasebook,.jpg
phrasing,.jpg
phraya,.png
phthalates,.png
phu,.jpg
phuket,.png
phy,.png
phylogeny,.png
physician,.gif
physik,.jpg
physio,.jpg
physiologist,.jpg
physique,.JPG
phytoestrogens,.gif
phytopharm,.png
phytophthora,.jpg
phytoplankton,.jpg
pia,.gif
piaget,.jpg
piaggio,.png
piano,.jpg
pianoforte,.jpg
pic,.gif
picard,.jpg
picardie,.gif
picasa,.jpg
picaxe,.jpg
piccadilly,.jpeg
piccies,.jpg
pick,.gif
pickens,.jpg
picker,.jpg
picketing,.jpg
pickett,.jpg
pickford,.jpg
pickle,.gif
pickthall,.jpg
picos,.gif
pict,.jpg
pictish,.jpg
pictogram,.jpg
picton,.png
pictorial,.gif
picts,.png
picture,.gif
pid,.gif
pidgeon,.png
piece,.jpg
piero,.png
pierpont,.jpg
pierrepont,.jpg
pierrot,.jpg
pierson,.jpg
piet,.jpg
pietersen,.jpg
piezo,.jpg
pif,.jpg
pigeonhole,.jpg
piggyback,.png
piglet,.gif
pigment,.png
pigot,.jpg
pigott,.jpg
pii,.jpg
pika,.png
pilaster,.gif
pilates,.jpg
pilger,.jpg
piling,.png
pilkington,.jpg
pillbox,.jpg
pillion,.jpg
pillory,.png
pillowcase,.jpg
pillsbury,.jpg
pilotage,.gif
piloting,.jpg
pilsen,.jpg
pilton,.jpg
pimlico,.png
pimms,.jpg
pimp,.jpg
pimple,.gif
pin,.gif
pinafore,.jpeg
pinar,.png
pinball,.png
pincer,.jpg
pinder,.jpg
pineda,.jpg
pinellas,.gif
piney,.jpg
ping,.png
pingu,.gif
pinkerton,.png
pinna,.gif
pinocchio,.gif
pinochet,.jpg
pinsent,.jpg
pinstripe,.jpg
pinto,.png
pinyin,.png
piotr,.jpg
pip,.jpg
pipa,.jpg
pipe,.jpg
pipeline,.gif
pipette,.png
pipex,.png
piping,.png
pipit,.gif
pippa,.png
pippin,.jpg
piquet,.png
pir,.jpg
piraeus,.png
piran,.gif
piranha,.gif
pirelli,.png
pires,.jpg
pirie,.jpg
pisces,.jpg
piscina,.jpg
piso,.jpg
pitcairn,.jpg
pitfall,.gif
pitman,.gif
pitney,.jpg
pitstop,.jpg
pitta,.gif
pittman,.jpg
pitts,.jpg
pituitary,.jpg
piu,.gif
piug,.gif
pix,.jpg
pixie,.jpg
pixmania,.jpg
pizarro,.gif
pk,.jpg
pka,.jpeg
pkf,.jpg
pkg,.jpg
pkk,.jpg
pkp,.jpg
pla,.jpg
placard,.jpg
placebo,.png
placeholder,.png
placenta,.jpg
placental,.jpg
plagne,.png
plaice,.jpg
plaid,.jpg
plain,.png
plainfield,.jpg
plaintext,.png
plaistow,.jpg
plan,.gif
plane,.gif
planetarium,.jpg
plank,.png
plant,.jpg
plantain,.gif
plantation,.png
plante,.jpg
plantronics,.jpg
plasmodium,.jpg
plaster,.jpg
plasterboard,.jpg
plasticine,.jpg
plasticity,.jpg
plat,.jpg
platformer,.jpeg
plating,.jpg
platitude,.jpg
plato,.jpg
platte,.jpg
platter,.jpg
platz,.jpg
plaudit,.jpg
plausibility,.png
plautus,.jpg
playability,.jpg
player,.jpg
playfair,.jpg
playford,.jpeg
playin,.jpg
playmaker,.jpg
playroom,.JPG
playscheme,.jpe
playtime,.jpg
playwork,.jpg
playwright,.jpg
plc,.jpg
ple,.jpeg
pleading,.jpg
pleaser,.jpg
pleasure,.png
plebeian,.jpg
plectrum,.png
plein,.jpg
plenty,.gif
plenum,.png
plesiosaur,.jpg
plessey,.jpg
plethora,.jpg
plexus,.jpg
plier,.jpg
plimsoll,.jpg
plinth,.jpg
pliocene,.jpg
plo,.jpg
plotinus,.gif
plotline,.jpg
plotting,.png
plovdiv,.gif
plowright,.jpg
pls,.gif
pluck,.png
plug,.jpg
plumbing,.jpg
plume,.jpg
plunger,.jpg
plunkett,.jpg
pluralist,.jpg
plusnet,.jpg
plutarch,.jpg
plz,.jpg
pma,.png
pmc,.jpg
pmetb,.jpg
pmh,.jpeg
pn,.gif
pna,.gif
pnc,.gif
pnd,.jpg
pnn,.png
pns,.jpg
poacher,.png
pob,.png
poca,.jpg
pocock,.jpg
pocono,.gif
pod,.gif
podcasting,.jpg
podiatry,.jpeg
podlaski,.png
poem,.gif
poetess,.gif
poetics,.jpg
poeton,.png
pogrom,.gif
pohl,.jpg
poi,.jpg
point,.jpg
poisson,.gif
poitiers,.png
pokhara,.jpg
pola,.jpg
polak,.jpg
polaris,.jpg
polarisation,.png
polarization,.png
polaroid,.jpg
polder,.gif
polenta,.jpg
police,.gif
policy,.jpg
polis,.JPG
polisario,.jpg
polishing,.jpg
politburo,.jpg
politicisation,.jpg
politico,.jpg
politique,.jpg
polka,.jpg
pollack,.jpg
pollensa,.jpg
pollinator,.jpg
pollitt,.jpg
pollster,.gif
polluter,.jpg
polly,.jpg
polonia,.JPG
polska,.jpg
poltergeist,.png
polyamide,.jpg
polybius,.jpg
polycarbonate,.jpg
polyester,.jpg
polyethylene,.jpg
polyglot,.png
polygram,.jpg
polygraph,.png
polymer,.png
polymerase,.gif
polymorph,.png
polynesia,.jpg
polynesians,.jpg
polynomial,.png
polyp,.jpg
polypeptide,.jpg
polyphony,.jpg
polypropylene,.gif
polystyrene,.jpg
polytheist,.jpg
polythene,.jpg
polytope,.png
polytopes,.png
polyurethane,.png
polyvinyl,.jpg
polzeath,.JPG
pomegranate,.jpg
pomerania,.jpg
pomeranian,.png
pomfret,.jpg
pomp,.jpg
pompey,.gif
ponce,.gif
poncho,.gif
pondicherry,.jpg
pong,.jpg
poniatowski,.jpg
pons,.jpg
ponsonby,.jpg
pontchartrain,.gif
ponte,.jpg
pontifex,.JPG
pontiff,.jpg
pontifical,.jpg
ponting,.jpg
pontius,.jpg
pontoon,.gif
pontus,.jpg
pontypridd,.gif
ponytail,.jpg
pooch,.jpg
poolside,.jpg
poona,.jpg
poop,.jpg
popcorn,.gif
popery,.jpg
popham,.gif
poppy,.jpg
popstars,.jpg
populace,.jpg
popular,.jpg
popularity,.jpg
population,.jpg
populist,.gif
popups,.jpg
porch,.jpg
porcupine,.gif
porgy,.gif
pork,.jpg
porky,.jpg
porn,.jpg
porosity,.bmp
porphyria,.jpg
porphyry,.jpg
porridge,.jpg
portakabin,.jpg
portcullis,.png
portent,.jpg
porter,.jpg
porth,.PNG
porthmadog,.jpg
porthole,.jpg
portico,.jpg
portillo,.jpg
portishead,.gif
portland,.gif
portlets,.jpg
portmanteau,.jpg
portmeirion,.jpg
portrush,.gif
portsdown,.gif
portsea,.gif
portugese,.jpg
posada,.jpg
poser,.jpg
posford,.jpg
posit,.jpg
position,.jpg
positioning,.gif
positron,.png
posix,.png
posner,.jpg
posse,.jpg
possessor,.png
possibility,.jpg
possible,.jpg
possum,.jpg
post,.gif
postage,.gif
postcard,.jpg
postcomm,.png
postdoc,.jpg
postdocs,.jpg
poste,.jpg
posten,.jpg
poster,.jpg
posterior,.JPG
posterity,.jpg
postfix,.gif
postgrads,.gif
postgres,.png
postholder,.jpg
postman,.gif
postmark,.jpg
postmodern,.jpg
postmodernity,.jpg
posture,.jpg
posturing,.jpg
posy,.jpg
potash,.jpg
potassium,.jpg
potato,.gif
potemkin,.jpg
potentate,.png
potential,.gif
potentiality,.png
potentiometer,.jpg
potok,.jpg
potsdam,.jpg
potty,.jpg
poughkeepsie,.png
poul,.jpg
poulenc,.jpg
poulter,.jpg
poultice,.png
poulton,.jpg
pounder,.jpg
pour,.png
poussin,.gif
pout,.jpg
povey,.png
power,.gif
powerlessness,.jpg
powerlines,.png
powerplant,.jpg
powertrain,.gif
powis,.jpg
pownall,.jpg
powys,.JPG
pox,.jpg
poznad,.jpg
poznan,.png
ppa,.jpe
pparc,.png
ppb,.gif
ppd,.png
ppe,.gif
ppf,.gif
ppl,.png
ppp,.jpg
pppd,.jpeg
ppv,.jpg
practice,.jpg
prada,.jpg
pradesh,.gif
praetor,.jpg
praetorian,.png
prager,.jpg
pragma,.jpg
pragmatism,.gif
prague,.jpg
praia,.gif
prakash,.jpg
pram,.jpg
prance,.jpg
prasad,.gif
prat,.GIF
prater,.jpg
pratincole,.png
pravda,.jpg
prawn,.png
praxis,.jpg
prc,.jpg
prd,.jpeg
preamp,.png
prebend,.jpg
prebendary,.jpg
precentor,.JPG
precept,.jpg
preceptor,.jpg
precession,.gif
precipice,.png
precipitate,.jpg
precision,.png
precondition,.jpe
predestination,.jpg
predicament,.jpg
predictability,.jpg
prediction,.jpg
predisposition,.jpg
prednisolone,.jpg
prednisone,.jpg
predominance,.jpg
preece,.jpg
pref,.jpg
preference,.jpg
pregnancy,.jpg
preis,.jpg
prejudice,.jpg
prelate,.png
preload,.gif
preloaded,.jpg
prem,.png
premiere,.jpg
premonition,.jpg
prenatal,.jpg
prentice,.jpg
prentiss,.jpg
preparatory,.jpg
prepayment,.jpg
preponderance,.jpg
preposition,.jpg
preprint,.png
preprocessor,.png
prerequisite,.png
pres,.png
presage,.gif
presbyterian,.PNG
presbyterianism,.PNG
presbytery,.png
preseason,.png
presence,.jpg
present,.jpg
preserver,.jpg
presidio,.jpg
presidium,.jpg
presse,.gif
pressing,.jpg
pressroom,.jpg
prestbury,.png
prestige,.png
preston,.jpg
prestwick,.png
presupposition,.jpg
pretence,.jpg
pretender,.jpg
pretense,.gif
pretension,.gif
preto,.jpg
preventative,.jpg
prevention,.jpg
prevost,.jpg
prez,.jpg
pri,.png
priam,.gif
price,.jpg
pricewaterhousecoopers,.jpg
prichard,.jpg
pricing,.jpg
prick,.jpg
prideaux,.jpg
priestley,.gif
primate,.jpg
primera,.gif
primis,.jpg
primitivism,.gif
primo,.jpg
primogeniture,.png
primula,.png
primus,.jpg
princeps,.jpg
princethorpe,.gif
principia,.png
printmaker,.gif
printout,.jpg
prinz,.gif
prion,.png
prioress,.jpg
prioritisation,.jpg
priory,.jpg
priscilla,.png
prison,.jpg
pristina,.jpg
pritchard,.jpg
pritchett,.jpg
private,.jpg
privatisation,.jpg
privet,.jpg
privilege,.jpg
privy,.gif
prize,.png
prizren,.jpg
prm,.gif
pro,.jpg
probable,.jpeg
probationer,.gif
probiotics,.jpg
probity,.jpg
problem,.jpe
probs,.jpeg
probus,.jpg
process,.jpg
procession,.gif
procite,.jpg
proclivity,.jpg
procmail,.png
proconsul,.jpg
procopius,.jpg
procrastination,.jpg
procreation,.jpg
procter,.png
proctor,.png
procurator,.png
prod,.jpeg
prodigal,.jpg
produce,.jpg
producing,.gif
product,.jpg
production,.jpeg
professional,.jpg
professionalisation,.jpg
professor,.png
proficiency,.gif
profiler,.gif
profiteer,.png
profligate,.gif
proforma,.jpg
profundity,.jpg
progenitor,.jpeg
progeny,.jpg
progesterone,.jpg
progestogen,.png
prognosis,.jpg
prognostic,.PNG
program,.jpg
programmer,.gif
proj,.jpg
project,.jpg
projectionist,.jpg
projekt,.jpg
prolapse,.jpg
proliferation,.jpg
prolongation,.jpg
prom,.jpg
promenade,.jpg
promethean,.jpg
prominence,.jpg
promiscuity,.jpg
promise,.jpg
promontory,.gif
promoter,.jpeg
promotion,.jpg
prompt,.jpg
promulgation,.jpg
pronouncement,.jpg
proof,.jpg
proofing,.jpg
proofreader,.jpg
prop,.jpg
propagandist,.jpg
propagator,.png
propane,.jpg
propecia,.jpg
propellant,.png
property,.jpg
prophet,.jpg
prophetess,.jpg
prophethood,.jpg
prophylaxis,.PNG
proportionality,.gif
proposer,.jpg
proquest,.gif
prost,.png
prostaglandin,.PNG
prostate,.jpg
prostatectomy,.gif
prosthesis,.jpg
prosthetics,.jpg
prostitution,.jpg
protagonist,.jpg
protecting,.jpg
protection,.jpg
protectionism,.jpg
protectionist,.gif
protective,.png
protectorate,.jpg
protege,.png
proteome,.jpg
proteomics,.png
protestantism,.jpg
protestation,.jpg
prototype,.jpg
protrusion,.jpg
proudhon,.jpg
prout,.jpg
provan,.jpg
provence,.jpg
prover,.jpg
provider,.gif
province,.jpg
provincia,.png
provision,.jpg
provo,.png
provocative,.jpg
provost,.png
prow,.png
prowess,.jpg
prowl,.jpg
prowler,.jpg
prowse,.jpg
proximity,.png
proxy,.gif
prt,.jpg
pru,.png
prune,.jpg
pruritus,.png
prussia,.jpg
prweb,.jpg
pryde,.jpg
psalter,.jpg
psas,.jpg
psb,.jpeg
psc,.jpg
psd,.jpg
pse,.jpg
psf,.png
psigate,.png
psion,.png
psl,.jpg
psm,.jpg
psnc,.jpg
pso,.png
pss,.jpg
pst,.jpg
psyc,.png
psychedelia,.jpg
psychoanalysis,.jpg
psychoanalyst,.jpg
psychobilly,.png
psychopath,.jpg
psychopathic,.jpg
psychopathology,.jpg
psychopharmacology,.gif
psyop,.jpg
ptarmigan,.png
ptc,.png
pte,.png
ptfe,.jpg
pthread,.png
ptp,.jpg
ptr,.jpg
ptv,.jpg
pu,.gif
puberty,.png
pubis,.jpg
publ,.jpg
public,.gif
publica,.jpg
publically,.jpg
publican,.gif
publicist,.jpeg
publisher,.jpg
pubmed,.jpg
pudong,.jpg
puebla,.PNG
puente,.jpg
puerto,.jpg
puff,.jpg
puffer,.jpg
puglia,.png
puja,.bmp
puk,.jpg
puke,.png
pull,.gif
puller,.jpg
pulley,.gif
pulling,.jpg
pullout,.jpg
pullover,.jpg
pulmonate,.png
pulsar,.jpe
pulsation,.jpg
puma,.jpg
pumice,.GIF
pumping,.gif
punchbowl,.jpg
punching,.png
punctuality,.jpg
punctuation,.jpg
pune,.jpg
punic,.jpg
punisher,.jpg
punjabis,.gif
punky,.jpg
puno,.jpg
punta,.gif
punto,.jpg
pupil,.jpg
pupillage,.png
puppeteer,.jpg
puppetry,.jpg
puppy,.jpg
pur,.jpg
pura,.jpg
purdie,.jpg
purdue,.jpg
purdy,.gif
puree,.png
purfleet,.jpg
purgatory,.png
purge,.gif
puri,.jpg
purifier,.png
purim,.gif
purist,.jpg
puritanism,.png
purley,.jpeg
purport,.png
purpose,.jpg
purpura,.gif
purpurea,.jpg
pursuance,.jpg
purvis,.png
pusey,.gif
pushrod,.png
puss,.gif
pussycat,.png
put,.gif
putter,.png
putting,.jpg
putty,.jpg
puyo,.jpg
puzzler,.png
pv,.jpg
pva,.jpg
pvcu,.jpg
pvda,.jpg
pvr,.png
pvrs,.jpg
pvs,.png
pvt,.gif
pwc,.jpg
pwf,.jpg
pws,.gif
py,.png
pygmy,.gif
pyjama,.jpg
pyle,.gif
pyne,.png
pyongyang,.jpg
pyotr,.jpg
pyre,.jpg
pyrolysis,.jpg
pyrrhus,.gif
pzl,.gif
ford, .jpg